{
    "id": "D6B45D45-7088-2AEA-C8D9-DFD27FF5893A",
    "name": "性别",
    "entries": [
        {
            "value": "男",
            "synonyms": [
                "男",
                "男生",
                "男士",
                "男人",
                "公",
                "男孩",
                "男同学",
                "男性",
                "男哒",
                "男滴"
            ]
        },
        {
            "value": "女",
            "synonyms": [
                "女",
                "女生",
                "女士",
                "女人",
                "女孩",
                "母",
                "女同学",
                "女性",
                "女哒",
                "女滴"
            ]
        }
    ],
    "user_defined": null,
    "type": 1,
    "automated_expansion": 0,
    "alias_name": "xingbie",
    "refcount": 8,
    "created_at": "1472097348"
}