{
    "id": "EBF46575-6C45-4F0F-106E-A1753DDEAB7B",
    "name": "是与否",
    "entries": [
        {
            "value": "是",
            "synonyms": [
                "是",
                "yes",
                "Yes",
                "YES",
                "yeah",
                "好",
                "好的",
                "行",
                "没问题",
                "可以",
                "试试",
                "要",
                "嗯",
                "good",
                "Good",
                "确认",
                "Y",
                "y",
                "是的",
                "对的",
                "没错",
                "无误",
                "需要",
                "OK",
                "Ok",
                "ok",
                "收到",
                "恩",
                "en",
                "[强]",
                "[OK]",
                "对"
            ]
        },
        {
            "value": "否",
            "synonyms": [
                "否",
                "算了",
                "不想",
                "不试",
                "no",
                "NO",
                "No",
                "不要",
                "不对",
                "不",
                "N",
                "n",
                "没必要",
                "有误",
                "不需要",
                "错了",
                "错误"
            ]
        },
        {
            "value": "不清楚",
            "synonyms": [
                "不清楚",
                "不确定",
                "不明白",
                "不知道"
            ]
        },
        {
            "value": "来",
            "synonyms": [
                "来"
            ]
        }
    ],
    "user_defined": null,
    "type": 1,
    "automated_expansion": 0,
    "alias_name": "shiyufou",
    "refcount": 8,
    "created_at": "1472625970"
}