{
    "id": "7FE42E2A-7435-198D-D04C-94864C297821",
    "name": "脚型",
    "entries": [
        {
            "value": "足内翻",
            "synonyms": [
                "足内翻",
                "内翻",
                "内旋不足",
                "不足内旋",
                "高足弓",
                "足弓高",
                "第一"
            ]
        },
        {
            "value": "正常内旋",
            "synonyms": [
                "正常内旋",
                "内旋正常",
                "正常足弓",
                "足弓正常",
                "内旋",
                "正常",
                "第二"
            ]
        },
        {
            "value": "足外翻",
            "synonyms": [
                "足外翻",
                "外翻",
                "过度内旋",
                "内旋过度",
                "低足弓",
                "足弓低",
                "平足",
                "扁平足",
                "第三"
            ]
        }
    ],
    "user_defined": 0,
    "type": 1,
    "automated_expansion": 0,
    "alias_name": "jiaoxing",
    "refcount": 6,
    "created_at": "1471921661"
}