{
    "id": "70698C50-B835-F50F-369F-39B78232BAD4",
    "name": "跑步公里",
    "entries": [
        {
            "value": "{yige.quantity_number:num}到{yige.quantity_length:len}",
            "synonyms": ""
        },
        {
            "value": "{yige.quantity_number:num}~{yige.quantity_length:len}",
            "synonyms": ""
        },
        {
            "value": "{yige.quantity_length:len}",
            "synonyms": ""
        },
        {
            "value": "{yige.quantity_number:len}",
            "synonyms": ""
        }
    ],
    "user_defined": null,
    "type": 0,
    "automated_expansion": 0,
    "alias_name": "paobugongli",
    "refcount": 5,
    "created_at": "1471933437"
}