{
    "id": "61FBF497-68A3-D2C8-107A-90D5B0B1EE92",
    "name": "跑鞋类型",
    "entries": [
        {
            "value": "缓震型",
            "synonyms": [
                "缓震型",
                "缓震",
                "缓冲型",
                "缓冲",
                "缓震型（缓冲型）",
                "缓冲型（缓震型）"
            ]
        },
        {
            "value": "支撑型",
            "synonyms": [
                "支撑型",
                "支撑",
                "稳定型",
                "稳定",
                "支撑型（稳定型）",
                "稳定型（支撑型）"
            ]
        },
        {
            "value": "越野型",
            "synonyms": [
                "越野型",
                "越野"
            ]
        },
        {
            "value": "竞速型",
            "synonyms": [
                "竞速型",
                "竞速"
            ]
        },
        {
            "value": "赤足型",
            "synonyms": [
                "赤足型",
                "赤足"
            ]
        }
    ],
    "user_defined": 0,
    "type": 1,
    "automated_expansion": 0,
    "alias_name": "paoxieleixing",
    "refcount": 0,
    "created_at": "1471921661"
}