{
    "id": "D8B8FBD4-3C97-2F42-2326-FF22F47550D2",
    "name": "跑鞋价格",
    "entries": [
        {
            "value": "{yige.quantity_currency:num}",
            "synonyms": ""
        },
        {
            "value": "{yige.quantity_number:num}块",
            "synonyms": ""
        },
        {
            "value": "{yige.quantity_number:num}左右",
            "synonyms": ""
        },
        {
            "value": "{yige.quantity_number:num}以下",
            "synonyms": ""
        },
        {
            "value": "{yige.quantity_number:num}到{yige.quantity_currency:num2}",
            "synonyms": ""
        },
        {
            "value": "{yige.quantity_number:num}到{yige.quantity_number:num2}块",
            "synonyms": ""
        },
        {
            "value": "{yige.quantity_number:num}块以下",
            "synonyms": ""
        },
        {
            "value": "{yige.quantity_currency:num}以下",
            "synonyms": ""
        },
        {
            "value": "{yige.quantity_currency:num}左右",
            "synonyms": ""
        },
        {
            "value": "{yige.quantity_number:num}以上",
            "synonyms": ""
        },
        {
            "value": "{yige.quantity_currency:num}到{yige.quantity_currency:num2}",
            "synonyms": ""
        },
        {
            "value": "{yige.quantity_currency:num}~{yige.quantity_currency:num2}",
            "synonyms": ""
        },
        {
            "value": "{yige.quantity_number:num}",
            "synonyms": ""
        }
    ],
    "user_defined": null,
    "type": 0,
    "automated_expansion": 0,
    "alias_name": "paoxiejiage",
    "refcount": 5,
    "created_at": "1471934837"
}