{
    "id": "CDA910DC-81E2-2E55-7484-25BA0D6B09E9",
    "name": "鞋系列",
    "entries": [
        {
            "value": "Nimbus",
            "synonyms": [
                "Nimbus",
                "NIMBUS",
                "GELNIMBUS",
                "nimbus",
                "Nimbus18",
                "Nimbus-18",
                "Nimbus 18"
            ]
        },
        {
            "value": "Cumulus",
            "synonyms": [
                "Cumulus",
                "CUMULUS",
                "cumulus"
            ]
        },
        {
            "value": "Kayano",
            "synonyms": [
                "Kayano",
                "KAYANO",
                "GELKAYANO",
                "kayano"
            ]
        },
        {
            "value": "GT2000",
            "synonyms": [
                "GT2000",
                "gt2000"
            ]
        }
    ],
    "user_defined": 0,
    "type": 1,
    "automated_expansion": 0,
    "alias_name": "xiexilie",
    "refcount": 2,
    "created_at": "1471921661"
}