{
    "id": "B9A24341-B317-A443-2632-EC9371FE0A51",
    "name": "0-跑鞋推荐",
    "contexts_in": [],
    "contexts_out": [
        {
            "name": "rec_shoe",
            "lifespan": "10"
        }
    ],
    "contexts_out_status": 1,
    "action": "get_jiaoxing_intr_link",
    "priority": 500000,
    "webhook_used": 1,
    "auto": 0,
    "created_at": "1471058751",
    "parameter": [
        {
            "id": "14C88050-62F2-84DD-ACA8-3A8AFA53B160",
            "entity_id": "",
            "data_type": "",
            "name": "link",
            "value": "[[link]]",
            "default_value": "",
            "action": "",
            "prompts": [],
            "required": 0,
            "priority": 0
        }
    ],
    "responses": [
        {
            "id": "1F4D551B-F779-5955-034E-E0225EC06B1B",
            "reset_contexts": 0,
            "speech": [
                "好的。AI一号需要向您询问一些个人信息，这样才能推荐适合您的跑鞋哦。\n\n脚型分为三种：\n足内翻   正常内旋  足外翻\n\n具体介绍请见${link}。\n请问您是哪种脚型呢？",
                "好的。AI一号需要向您询问一些个人信息，这样才能推荐适合您的跑鞋哦。\n\n脚型分为三种：\n足内翻   正常内旋  足外翻\n\n具体介绍请见${link}。\n请问您属于哪种呢？"
            ]
        }
    ],
    "user_say": [
        {
            "id": "5DFED74D-B526-836F-79AA-D8A33819FC83",
            "data": [
                {
                    "text": "想买跑步鞋，求推荐"
                }
            ],
            "is_template": 0,
            "priority": 1
        },
        {
            "id": "BADF3A56-9D40-7323-129E-6510F7B27CE1",
            "data": [
                {
                    "text": "想为跑步买鞋，有哪些合适的"
                }
            ],
            "is_template": 0,
            "priority": 2
        },
        {
            "id": "CC24C828-3B0F-1987-C79B-8A78D0B7FBAF",
            "data": [
                {
                    "text": "跑鞋推荐"
                }
            ],
            "is_template": 0,
            "priority": 3
        },
        {
            "id": "E41666D9-D3E2-64A2-23FF-F23901752E63",
            "data": [
                {
                    "text": "买鞋"
                }
            ],
            "is_template": 0,
            "priority": 4
        }
    ]
}