{
    "id": "0D21203E-B6EF-6D1C-CB98-1AADA58F08BF",
    "name": "0.0-打招呼",
    "contexts_in": [],
    "contexts_out": [
        {
            "name": "hello",
            "lifespan": "5"
        }
    ],
    "contexts_out_status": 1,
    "action": "",
    "priority": 500000,
    "webhook_used": 1,
    "auto": 0,
    "created_at": "1472035226",
    "parameter": [
        {
            "id": "6ACE7F72-95B0-0EEE-4E7E-05ACB9654281",
            "entity_id": "",
            "data_type": "yige.time_range",
            "name": "time_range",
            "value": "${time_range}",
            "default_value": "",
            "action": "",
            "prompts": [],
            "required": 0,
            "priority": 0
        }
    ],
    "responses": [
        {
            "id": "DF824270-EDC1-AF47-024D-219E4FEF5DDB",
            "reset_contexts": 0,
            "speech": [
                "您好啊，我叫AI一号。请问需要我给您推荐Asics跑步鞋么？",
                "您好，我叫AI一号。我能给您推荐Asics跑步鞋哦，要不要试试？"
            ]
        }
    ],
    "user_say": [
        {
            "id": "06B09B2A-ED73-83AE-A321-07545656C1CA",
            "data": [
                {
                    "text": "hi"
                }
            ],
            "is_template": 0,
            "priority": 3
        },
        {
            "id": "1457A2C9-1F72-7B27-6EE8-F13351DA7081",
            "data": [
                {
                    "text": "下午",
                    "alias": "yige.time_range",
                    "meta": "time_range",
                    "userDefined": "true"
                },
                {
                    "text": "好"
                }
            ],
            "is_template": 0,
            "priority": 6
        },
        {
            "id": "2A8C17B7-451D-CF10-8ACA-E0CAABD9DD14",
            "data": [
                {
                    "text": "晚上",
                    "alias": "yige.time_range",
                    "meta": "time_range",
                    "userDefined": "true"
                },
                {
                    "text": "好"
                }
            ],
            "is_template": 0,
            "priority": 7
        },
        {
            "id": "38D634DE-9674-9563-3A0B-8DB24CE76758",
            "data": [
                {
                    "text": "你好"
                }
            ],
            "is_template": 0,
            "priority": 1
        },
        {
            "id": "AB9F96A2-1858-09EB-8660-A1E1B756D802",
            "data": [
                {
                    "text": "您好"
                }
            ],
            "is_template": 0,
            "priority": 8
        },
        {
            "id": "CA9C472F-44DD-F376-1546-0D91A4F3BF7E",
            "data": [
                {
                    "text": "早上",
                    "alias": "yige.time_range",
                    "meta": "time_range",
                    "userDefined": "true"
                },
                {
                    "text": "好"
                }
            ],
            "is_template": 0,
            "priority": 5
        },
        {
            "id": "F6C30E24-52F7-6305-D8E6-7F508D5F0F66",
            "data": [
                {
                    "text": "嗨"
                }
            ],
            "is_template": 0,
            "priority": 4
        },
        {
            "id": "FA1D5FFB-CFE7-E76C-C7D9-75718339C2BC",
            "data": [
                {
                    "text": "hello"
                }
            ],
            "is_template": 0,
            "priority": 2
        }
    ]
}