{
    "id": "82C33955-45E3-4566-946F-92BCB0C56FD6",
    "name": "0.1-打招呼-确认推荐跑鞋",
    "contexts_in": [
        "hello"
    ],
    "contexts_out": [
        {
            "name": "rec_shoe",
            "lifespan": "10"
        }
    ],
    "contexts_out_status": 1,
    "action": "get_jiaoxing_intr_link",
    "priority": 500000,
    "webhook_used": 1,
    "auto": 0,
    "created_at": "1472035312",
    "parameter": [
        {
            "id": "1983C317-5594-0C32-3090-CB79818EE071",
            "entity_id": "EBF46575-6C45-4F0F-106E-A1753DDEAB7B",
            "data_type": "EBF46575-6C45-4F0F-106E-A1753DDEAB7B",
            "name": "d_shiyufou",
            "value": "${d_shiyufou}",
            "default_value": "",
            "action": "",
            "prompts": [],
            "required": 0,
            "priority": 0
        },
        {
            "id": "A52E8D3C-C613-804F-C216-81682E23AC3E",
            "entity_id": "",
            "data_type": "",
            "name": "link",
            "value": "[[link]]",
            "default_value": "",
            "action": "",
            "prompts": [],
            "required": 0,
            "priority": 1
        }
    ],
    "responses": [
        {
            "id": "86A28342-8BFA-7E0E-0340-61F0DD93E716",
            "reset_contexts": 0,
            "speech": [
                "好的。AI一号需要向您询问一些个人信息，这样才能推荐适合您的跑鞋哦。\n\n脚型分为三种：\n足内翻   正常内旋  足外翻\n\n具体介绍请见${link}。\n请问您是哪种呢？"
            ]
        }
    ],
    "user_say": [
        {
            "id": "025FD5D2-9B53-C6A3-18C9-36A827605708",
            "data": [
                {
                    "text": "好",
                    "alias": "EBF46575-6C45-4F0F-106E-A1753DDEAB7B",
                    "meta": "d_shiyufou",
                    "userDefined": "false"
                }
            ],
            "is_template": 0,
            "priority": 10
        },
        {
            "id": "0A427CAB-754D-6A5A-1915-E062E50F1A34",
            "data": [
                {
                    "text": "收到",
                    "alias": "EBF46575-6C45-4F0F-106E-A1753DDEAB7B",
                    "meta": "d_shiyufou",
                    "userDefined": "false"
                }
            ],
            "is_template": 0,
            "priority": 8
        },
        {
            "id": "58149A82-FF95-63D8-5F03-99E81CFBB749",
            "data": [
                {
                    "text": "嗯",
                    "alias": "EBF46575-6C45-4F0F-106E-A1753DDEAB7B",
                    "meta": "d_shiyufou",
                    "userDefined": "false"
                },
                {
                    "text": "，求推荐"
                }
            ],
            "is_template": 0,
            "priority": 6
        },
        {
            "id": "9090ED35-A61F-C57A-3499-D0F7E7CA3E07",
            "data": [
                {
                    "text": "没问题",
                    "alias": "EBF46575-6C45-4F0F-106E-A1753DDEAB7B",
                    "meta": "d_shiyufou",
                    "userDefined": "false"
                }
            ],
            "is_template": 0,
            "priority": 4
        },
        {
            "id": "974C3C1A-A517-ED1E-20DA-AD329DBB1B46",
            "data": [
                {
                    "text": "对的",
                    "alias": "EBF46575-6C45-4F0F-106E-A1753DDEAB7B",
                    "meta": "d_shiyufou",
                    "userDefined": "false"
                }
            ],
            "is_template": 0,
            "priority": 5
        },
        {
            "id": "9AB1AE92-81B1-8B00-2C83-93AE2ED6841B",
            "data": [
                {
                    "text": "来",
                    "alias": "EBF46575-6C45-4F0F-106E-A1753DDEAB7B",
                    "meta": "d_shiyufou",
                    "userDefined": "false"
                },
                {
                    "text": "吧"
                }
            ],
            "is_template": 0,
            "priority": 9
        },
        {
            "id": "9D6EDE8A-2D1F-AD5A-DF0E-43B02F00C6AA",
            "data": [
                {
                    "text": "试试",
                    "alias": "EBF46575-6C45-4F0F-106E-A1753DDEAB7B",
                    "meta": "d_shiyufou",
                    "userDefined": "false"
                }
            ],
            "is_template": 0,
            "priority": 11
        },
        {
            "id": "B312485C-2805-1D82-FAC6-141F67A5D4E8",
            "data": [
                {
                    "text": "好的",
                    "alias": "EBF46575-6C45-4F0F-106E-A1753DDEAB7B",
                    "meta": "d_shiyufou",
                    "userDefined": "false"
                }
            ],
            "is_template": 0,
            "priority": 1
        },
        {
            "id": "E01C8319-02E0-26CA-5DAC-44233F49479E",
            "data": [
                {
                    "text": "可以",
                    "alias": "EBF46575-6C45-4F0F-106E-A1753DDEAB7B",
                    "meta": "d_shiyufou",
                    "userDefined": "false"
                },
                {
                    "text": "啊"
                }
            ],
            "is_template": 0,
            "priority": 2
        },
        {
            "id": "E7638D0F-CC8D-7671-3574-4C7829336CFB",
            "data": [
                {
                    "text": "OK",
                    "alias": "EBF46575-6C45-4F0F-106E-A1753DDEAB7B",
                    "meta": "d_shiyufou",
                    "userDefined": "false"
                }
            ],
            "is_template": 0,
            "priority": 3
        },
        {
            "id": "F597F4FB-B745-E808-314E-298117AECAA5",
            "data": [
                {
                    "text": "行",
                    "alias": "EBF46575-6C45-4F0F-106E-A1753DDEAB7B",
                    "meta": "d_shiyufou",
                    "userDefined": "false"
                }
            ],
            "is_template": 0,
            "priority": 7
        }
    ]
}