{
    "id": "1A0E6D14-C8D3-9772-B164-6F3C7E7E146E",
    "name": "0.2-打招呼-否认推荐跑鞋",
    "contexts_in": [
        "hello"
    ],
    "contexts_out": [
        {
            "name": "hello",
            "lifespan": "5"
        }
    ],
    "contexts_out_status": 1,
    "action": "",
    "priority": 500000,
    "webhook_used": 1,
    "auto": 0,
    "created_at": "1472035555",
    "parameter": [
        {
            "id": "291D4CA5-E038-81CB-167D-2BC1653EEA50",
            "entity_id": "EBF46575-6C45-4F0F-106E-A1753DDEAB7B",
            "data_type": "EBF46575-6C45-4F0F-106E-A1753DDEAB7B",
            "name": "d_shiyufou",
            "value": "${d_shiyufou}",
            "default_value": "",
            "action": "",
            "prompts": [],
            "required": 0,
            "priority": 0
        }
    ],
    "responses": [
        {
            "id": "AA0CDB32-D952-F9F5-5C59-44A03BB38282",
            "reset_contexts": 0,
            "speech": [
                "哦，好吧。。。今天天气不错。",
                "哦。。。那我就帮不了您什么了",
                "哦，那我就无能为力了。。。"
            ]
        }
    ],
    "user_say": [
        {
            "id": "42190A49-817B-D5AD-A720-3B6E28E81269",
            "data": [
                {
                    "text": "不",
                    "alias": "EBF46575-6C45-4F0F-106E-A1753DDEAB7B",
                    "meta": "d_shiyufou",
                    "userDefined": "true"
                }
            ],
            "is_template": 0,
            "priority": 4
        },
        {
            "id": "84AF3884-99EE-3BC0-4D2B-924D2907ACD7",
            "data": [
                {
                    "text": "no",
                    "alias": "EBF46575-6C45-4F0F-106E-A1753DDEAB7B",
                    "meta": "d_shiyufou",
                    "userDefined": "false"
                }
            ],
            "is_template": 0,
            "priority": 3
        },
        {
            "id": "D8109301-9FC4-75A0-C166-6F74C6675360",
            "data": [
                {
                    "text": "没必要",
                    "alias": "EBF46575-6C45-4F0F-106E-A1753DDEAB7B",
                    "meta": "d_shiyufou",
                    "userDefined": "false"
                }
            ],
            "is_template": 0,
            "priority": 2
        },
        {
            "id": "FF1F1618-5B32-B339-50DE-4206C18C00CA",
            "data": [
                {
                    "text": "不要",
                    "alias": "EBF46575-6C45-4F0F-106E-A1753DDEAB7B",
                    "meta": "d_shiyufou",
                    "userDefined": "false"
                }
            ],
            "is_template": 0,
            "priority": 1
        }
    ]
}