{
    "id": "F8C65A37-C145-D214-D1D0-46097631414D",
    "name": "0.3.2-介绍脚型-正常内旋",
    "contexts_in": [],
    "contexts_out": [],
    "contexts_out_status": 1,
    "action": "get_jiaoxing_intr_link",
    "priority": 250000,
    "webhook_used": 1,
    "auto": 0,
    "created_at": "1473300845",
    "parameter": [
        {
            "id": "4C85A237-083F-D36A-2854-72481D522943",
            "entity_id": "",
            "data_type": "",
            "name": "link",
            "value": "[[link]]",
            "default_value": "",
            "action": "",
            "prompts": [],
            "required": 0,
            "priority": 1
        },
        {
            "id": "95EE6D4A-32C8-DCA6-336E-DD3F9F5DEBDA",
            "entity_id": "7FE42E2A-7435-198D-D04C-94864C297821",
            "data_type": "7FE42E2A-7435-198D-D04C-94864C297821",
            "name": "jiaoxing",
            "value": "${jiaoxing}",
            "default_value": "",
            "action": "",
            "prompts": [],
            "required": 0,
            "priority": 0
        }
    ],
    "responses": [
        {
            "id": "AB017BD4-0EDF-A0FC-6924-C983F7754D6C",
            "reset_contexts": 0,
            "speech": [
                "正常内旋的跑者，脚部肌肉可以自然减缓地面对脚部的冲击力，几乎所有类型的跑鞋都在可选范围之内。从足底磨损观察，此时前脚与掌趾关节中间尤其靠近二三掌骨关节下面磨损面积较大，跑得较快的跑者甚至可以留下由于大拇指发力、拔地所留下的鞋尖磨损(如图阴影部分为摩擦面积)。\n\n更多介绍请见[[link]]。"
            ]
        }
    ],
    "user_say": [
        {
            "id": "AB70B735-5928-10D1-01FF-A3C782FA25D3",
            "data": [
                {
                    "text": "不明白"
                },
                {
                    "text": "正常内旋",
                    "alias": "7FE42E2A-7435-198D-D04C-94864C297821",
                    "meta": "jiaoxing",
                    "userDefined": "true"
                },
                {
                    "text": "是什么"
                }
            ],
            "is_template": 0,
            "priority": 3
        },
        {
            "id": "B1887A8F-B67C-EBE6-581F-25BC01E97BB4",
            "data": [
                {
                    "text": "正常内旋",
                    "alias": "7FE42E2A-7435-198D-D04C-94864C297821",
                    "meta": "jiaoxing",
                    "userDefined": "true"
                },
                {
                    "text": "什么玩意"
                }
            ],
            "is_template": 0,
            "priority": 2
        },
        {
            "id": "C956256F-6AD2-1DD1-B439-4EED4BB2AE51",
            "data": [
                {
                    "text": "正常内旋",
                    "alias": "7FE42E2A-7435-198D-D04C-94864C297821",
                    "meta": "jiaoxing",
                    "userDefined": "true"
                },
                {
                    "text": "什么东西啊"
                }
            ],
            "is_template": 0,
            "priority": 1
        }
    ]
}