{
    "id": "901110F4-2FE6-FCDB-859E-3EAFE223E0D7",
    "name": "0.3.1-介绍脚型-足内翻",
    "contexts_in": [],
    "contexts_out": [
        {
            "name": "intr_foot",
            "lifespan": "5"
        }
    ],
    "contexts_out_status": 1,
    "action": "get_jiaoxing_intr_link",
    "priority": 250000,
    "webhook_used": 1,
    "auto": 0,
    "created_at": "1472093592",
    "parameter": [
        {
            "id": "0585FC2D-9AA5-86B3-B12F-EA6EEAC8CA7B",
            "entity_id": "7FE42E2A-7435-198D-D04C-94864C297821",
            "data_type": "7FE42E2A-7435-198D-D04C-94864C297821",
            "name": "jiaoxing",
            "value": "${jiaoxing}",
            "default_value": "",
            "action": "",
            "prompts": [],
            "required": 0,
            "priority": 0
        },
        {
            "id": "4AD0010A-D1F4-0904-A705-532AA1F82156",
            "entity_id": "",
            "data_type": "",
            "name": "link",
            "value": "[[link]]",
            "default_value": "",
            "action": "",
            "prompts": [],
            "required": 0,
            "priority": 2
        },
        {
            "id": "95C20159-9A90-9258-6127-2F9398EBB509",
            "entity_id": "EBF46575-6C45-4F0F-106E-A1753DDEAB7B",
            "data_type": "EBF46575-6C45-4F0F-106E-A1753DDEAB7B",
            "name": "shiyufou",
            "value": "${shiyufou}",
            "default_value": "",
            "action": "",
            "prompts": [],
            "required": 0,
            "priority": 1
        }
    ],
    "responses": [
        {
            "id": "1566E33E-823C-7F74-D3BA-CE4184296B67",
            "reset_contexts": 0,
            "speech": [
                "足内翻即内旋不足，高足弓的人多是足内翻。该类跑步者脚部肌肉较为僵硬，足弓无法为蹬地提供足够的张力，比正常内旋的跑者需要更多的缓冲性能，适合穿缓冲型的跑鞋。他们的足跟后侧先着地再沿着脚底外侧逐步着地，从鞋底磨损情况看，主要在鞋底外侧边缘部分磨损严重。\n\n更多介绍请见[[link]]。"
            ]
        }
    ],
    "user_say": [
        {
            "id": "47D0D2E3-0F82-1299-B879-EDAD251A7076",
            "data": [
                {
                    "text": "介绍下"
                },
                {
                    "text": "高足弓",
                    "alias": "7FE42E2A-7435-198D-D04C-94864C297821",
                    "meta": "jiaoxing",
                    "userDefined": "false"
                }
            ],
            "is_template": 0,
            "priority": 3
        },
        {
            "id": "5A57AB39-2506-DC44-D4B8-BE622E27CA5F",
            "data": [
                {
                    "text": "不明白",
                    "alias": "EBF46575-6C45-4F0F-106E-A1753DDEAB7B",
                    "meta": "shiyufou",
                    "userDefined": "false"
                },
                {
                    "text": "内翻",
                    "alias": "7FE42E2A-7435-198D-D04C-94864C297821",
                    "meta": "jiaoxing",
                    "userDefined": "true"
                },
                {
                    "text": "是什么东西"
                }
            ],
            "is_template": 0,
            "priority": 2
        },
        {
            "id": "B16107EE-0158-B8F5-041E-ED01CEF414B5",
            "data": [
                {
                    "text": "什么是"
                },
                {
                    "text": "足内翻",
                    "alias": "7FE42E2A-7435-198D-D04C-94864C297821",
                    "meta": "jiaoxing",
                    "userDefined": "true"
                }
            ],
            "is_template": 0,
            "priority": 4
        },
        {
            "id": "ECDEC5D9-6100-7C46-B61C-000E9AC4DB6D",
            "data": [
                {
                    "text": "足内翻",
                    "alias": "7FE42E2A-7435-198D-D04C-94864C297821",
                    "meta": "jiaoxing",
                    "userDefined": "true"
                },
                {
                    "text": "什么玩意"
                }
            ],
            "is_template": 0,
            "priority": 1
        }
    ]
}