{
    "id": "EA1E48EB-F20E-78C5-DFD7-DE1135FFE2C6",
    "name": "0.3.3-介绍脚型-足外翻",
    "contexts_in": [],
    "contexts_out": [],
    "contexts_out_status": 1,
    "action": "get_jiaoxing_intr_link",
    "priority": 250000,
    "webhook_used": 1,
    "auto": 0,
    "created_at": "1473300967",
    "parameter": [
        {
            "id": "65C76172-5C4C-0951-B4AF-0B33C45B87D7",
            "entity_id": "7FE42E2A-7435-198D-D04C-94864C297821",
            "data_type": "7FE42E2A-7435-198D-D04C-94864C297821",
            "name": "jiaoxing",
            "value": "${jiaoxing}",
            "default_value": "",
            "action": "",
            "prompts": [],
            "required": 0,
            "priority": 0
        },
        {
            "id": "A736C928-9775-8EF1-95C4-6D5706E0645F",
            "entity_id": "",
            "data_type": "",
            "name": "link",
            "value": "[[link]]",
            "default_value": "",
            "action": "",
            "prompts": [],
            "required": 0,
            "priority": 2
        },
        {
            "id": "FF6CD0BB-73B8-E47B-71C0-B8E26ED8EF11",
            "entity_id": "EBF46575-6C45-4F0F-106E-A1753DDEAB7B",
            "data_type": "EBF46575-6C45-4F0F-106E-A1753DDEAB7B",
            "name": "shiyufou",
            "value": "${shiyufou}",
            "default_value": "",
            "action": "",
            "prompts": [],
            "required": 0,
            "priority": 1
        }
    ],
    "responses": [
        {
            "id": "F8E98E5F-558B-F315-A8C9-707ED550A111",
            "reset_contexts": 0,
            "speech": [
                "足外翻也叫过度内旋，是指脚内旋过度，或脚在不该转动时转动，例如步态周期中全掌着地阶段的后期。此时，脚的内侧将承受过大的重量，当跑步者前进时，负荷会由内部边缘承担，而非前脚掌。这会导致脚部的不稳定，不仅会影响跑步的效率更会引起跑步的障碍。低足弓的人多是足外翻。过度内旋的跑者应考虑选择稳定型（支撑型）的跑鞋。\n\n更多介绍请见[[link]]。"
            ]
        }
    ],
    "user_say": [
        {
            "id": "D0E7ABF3-F8AC-DA9E-6843-86C0F701D656",
            "data": [
                {
                    "text": "不明白",
                    "alias": "EBF46575-6C45-4F0F-106E-A1753DDEAB7B",
                    "meta": "shiyufou",
                    "userDefined": "true"
                },
                {
                    "text": "低足弓",
                    "alias": "7FE42E2A-7435-198D-D04C-94864C297821",
                    "meta": "jiaoxing",
                    "userDefined": "true"
                },
                {
                    "text": "什么东西"
                }
            ],
            "is_template": 0,
            "priority": 2
        },
        {
            "id": "D54ECA49-2AFE-1D8B-529A-9413C859E30B",
            "data": [
                {
                    "text": "介绍下"
                },
                {
                    "text": "外翻",
                    "alias": "7FE42E2A-7435-198D-D04C-94864C297821",
                    "meta": "jiaoxing",
                    "userDefined": "true"
                }
            ],
            "is_template": 0,
            "priority": 3
        },
        {
            "id": "E82562FB-73CC-EA40-B866-B452FC0811FB",
            "data": [
                {
                    "text": "足外翻",
                    "alias": "7FE42E2A-7435-198D-D04C-94864C297821",
                    "meta": "jiaoxing",
                    "userDefined": "true"
                },
                {
                    "text": "什么玩意"
                }
            ],
            "is_template": 0,
            "priority": 1
        }
    ]
}