{
    "id": "88F546BE-8E0D-275D-F2A3-62DD9C8E2C6F",
    "name": "0.4-介绍鞋型",
    "contexts_in": [],
    "contexts_out": [
        {
            "name": "intr_shoe",
            "lifespan": "5"
        }
    ],
    "contexts_out_status": 1,
    "action": "",
    "priority": 500000,
    "webhook_used": 1,
    "auto": 0,
    "created_at": "1472094246",
    "parameter": [
        {
            "id": "0C73D301-B592-6470-1B28-CFAF0F660390",
            "entity_id": "",
            "data_type": "",
            "name": "intr",
            "value": "你好",
            "default_value": "",
            "action": "",
            "prompts": [],
            "required": 0,
            "priority": 1
        },
        {
            "id": "81E24451-39B5-5618-FB27-9569C5F8E2C1",
            "entity_id": "CDA910DC-81E2-2E55-7484-25BA0D6B09E9",
            "data_type": "CDA910DC-81E2-2E55-7484-25BA0D6B09E9",
            "name": "xiexilie",
            "value": "${xiexilie}",
            "default_value": "",
            "action": "",
            "prompts": [],
            "required": 0,
            "priority": 0
        }
    ],
    "responses": [
        {
            "id": "989A25A6-64BC-4FD2-5CF1-6DA922059DF3",
            "reset_contexts": 0,
            "speech": [
                "${intr}"
            ]
        }
    ],
    "user_say": [
        {
            "id": "0724B6AD-2C33-675E-8F5A-079B50E7A12B",
            "data": [
                {
                    "text": "GT2000",
                    "alias": "CDA910DC-81E2-2E55-7484-25BA0D6B09E9",
                    "meta": "xiexilie",
                    "userDefined": "true"
                },
                {
                    "text": "指什么"
                }
            ],
            "is_template": 0,
            "priority": 9
        },
        {
            "id": "09A8EE39-8123-A53B-D40F-B761F8CDA62D",
            "data": [
                {
                    "text": "Nimbus",
                    "alias": "CDA910DC-81E2-2E55-7484-25BA0D6B09E9",
                    "meta": "xiexilie",
                    "userDefined": "true"
                },
                {
                    "text": "是什么玩意"
                }
            ],
            "is_template": 0,
            "priority": 2
        },
        {
            "id": "1105A27D-338B-BD19-32FE-51C70CC6D743",
            "data": [
                {
                    "text": "什么是"
                },
                {
                    "text": "Cumulus",
                    "alias": "CDA910DC-81E2-2E55-7484-25BA0D6B09E9",
                    "meta": "xiexilie",
                    "userDefined": "true"
                }
            ],
            "is_template": 0,
            "priority": 6
        },
        {
            "id": "2C85D2D1-F6F5-5C51-EBD4-1625B10DA80A",
            "data": [
                {
                    "text": "不明白"
                },
                {
                    "text": "Kayano",
                    "alias": "CDA910DC-81E2-2E55-7484-25BA0D6B09E9",
                    "meta": "xiexilie",
                    "userDefined": "true"
                },
                {
                    "text": "是什么"
                }
            ],
            "is_template": 0,
            "priority": 7
        },
        {
            "id": "49DA123C-21ED-AECE-C514-B8674CDADDD8",
            "data": [
                {
                    "text": "介绍下"
                },
                {
                    "text": "Nimbus",
                    "alias": "CDA910DC-81E2-2E55-7484-25BA0D6B09E9",
                    "meta": "xiexilie",
                    "userDefined": "true"
                }
            ],
            "is_template": 0,
            "priority": 3
        },
        {
            "id": "4C9370ED-D160-4C0F-03B6-7318FEA0EF06",
            "data": [
                {
                    "text": "介绍下"
                },
                {
                    "text": "Cumulus",
                    "alias": "CDA910DC-81E2-2E55-7484-25BA0D6B09E9",
                    "meta": "xiexilie",
                    "userDefined": "true"
                }
            ],
            "is_template": 0,
            "priority": 5
        },
        {
            "id": "BAE7C4C9-A4FB-4886-DAA1-A9BEEAC93AC5",
            "data": [
                {
                    "text": "GT2000",
                    "alias": "CDA910DC-81E2-2E55-7484-25BA0D6B09E9",
                    "meta": "xiexilie",
                    "userDefined": "true"
                },
                {
                    "text": "是什么？"
                }
            ],
            "is_template": 0,
            "priority": 8
        },
        {
            "id": "F1523A3E-4CA1-D170-3403-534D0C1E7BF8",
            "data": [
                {
                    "text": "请解释下"
                },
                {
                    "text": "Nimbus",
                    "alias": "CDA910DC-81E2-2E55-7484-25BA0D6B09E9",
                    "meta": "xiexilie",
                    "userDefined": "true"
                }
            ],
            "is_template": 0,
            "priority": 4
        },
        {
            "id": "FBEFA4D8-2E4F-E23F-5A9C-869B941D2D4E",
            "data": [
                {
                    "text": "什么是"
                },
                {
                    "text": "Nimbus",
                    "alias": "CDA910DC-81E2-2E55-7484-25BA0D6B09E9",
                    "meta": "xiexilie",
                    "userDefined": "true"
                }
            ],
            "is_template": 0,
            "priority": 1
        }
    ]
}