{
    "id": "0E2B335A-B2B6-78DC-B703-3FB2534DDF37",
    "name": "1-参数-识别",
    "contexts_in": [
        "rec_shoe"
    ],
    "contexts_out": [
        {
            "name": "mid_shoe",
            "lifespan": "5"
        }
    ],
    "contexts_out_status": 1,
    "action": "find_shoe_type",
    "priority": 1000000,
    "webhook_used": 1,
    "auto": 0,
    "created_at": "1471101473",
    "parameter": [
        {
            "id": "24D0B270-CA7A-2D57-58C3-5162080CDA72",
            "entity_id": "D6B45D45-7088-2AEA-C8D9-DFD27FF5893A",
            "data_type": "D6B45D45-7088-2AEA-C8D9-DFD27FF5893A",
            "name": "xingbie",
            "value": "${xingbie}",
            "default_value": "",
            "action": "",
            "prompts": [
                "好的。请问您是男士还是女士？"
            ],
            "required": 1,
            "priority": 3
        },
        {
            "id": "31828873-6CE4-C6D7-3C2C-8B7ACD2A3BDB",
            "entity_id": "D8B8FBD4-3C97-2F42-2326-FF22F47550D2",
            "data_type": "D8B8FBD4-3C97-2F42-2326-FF22F47550D2",
            "name": "price",
            "value": "${price}",
            "default_value": "",
            "action": "",
            "prompts": [
                "好的。请问您想花多少钱买鞋呢？",
                "好的。请问您的预算大概是多少钱呢？"
            ],
            "required": 1,
            "priority": 2
        },
        {
            "id": "4BBC8177-04D0-FC1F-98EE-810BBD736EEA",
            "entity_id": "EBF46575-6C45-4F0F-106E-A1753DDEAB7B",
            "data_type": "EBF46575-6C45-4F0F-106E-A1753DDEAB7B",
            "name": "shiyufou",
            "value": "${shiyufou}",
            "default_value": "",
            "action": "",
            "prompts": [],
            "required": 0,
            "priority": 4
        },
        {
            "id": "5B7D04AD-89BD-CEDA-0CA0-57E10242C079",
            "entity_id": "7FE42E2A-7435-198D-D04C-94864C297821",
            "data_type": "7FE42E2A-7435-198D-D04C-94864C297821",
            "name": "jiaoxing",
            "value": "${jiaoxing}",
            "default_value": "",
            "action": "",
            "prompts": [
                "请参考[[link]]来判断您的脚型。脚型分为三种，足内翻、正常内旋、足外翻，请问您是哪种脚型呢？"
            ],
            "required": 1,
            "priority": 0
        },
        {
            "id": "BDD9FD9A-FBF3-183A-EB3A-D7CC43A176FF",
            "entity_id": "",
            "data_type": "",
            "name": "shoe_type",
            "value": "[[shoe_type]]",
            "default_value": "",
            "action": "",
            "prompts": [],
            "required": 0,
            "priority": 5
        },
        {
            "id": "F85BDD01-1160-8C63-4171-D2943364AA86",
            "entity_id": "70698C50-B835-F50F-369F-39B78232BAD4",
            "data_type": "70698C50-B835-F50F-369F-39B78232BAD4",
            "name": "mile",
            "value": "${mile}",
            "default_value": "",
            "action": "",
            "prompts": [
                "好的。请问您每周大约跑多少公里呢？",
                "好的。请问您每周大约跑多少km呢？",
                "好的。请问您每周大约跑多少千米呢？"
            ],
            "required": 1,
            "priority": 1
        }
    ],
    "responses": [
        {
            "id": "DA2FA2AE-5B34-D905-92FD-94F876B15BDF",
            "reset_contexts": 0,
            "speech": [
                "好的，您性别${xingbie:value}；脚型是${jiaoxing:value}，适合穿[[shoe_type]]的鞋；每周跑步公里数为${mile}；接受的价格为${price}。这些信息对吧？"
            ]
        }
    ],
    "user_say": [
        {
            "id": "025C46E5-FA60-1A47-43DF-35C6CAC0806C",
            "data": [
                {
                    "text": "正常内旋",
                    "alias": "7FE42E2A-7435-198D-D04C-94864C297821",
                    "meta": "jiaoxing",
                    "userDefined": "true"
                },
                {
                    "text": "的足"
                }
            ],
            "is_template": 0,
            "priority": 6
        },
        {
            "id": "189C3F35-510E-E31A-C5DC-B7EC0EE0CC03",
            "data": [
                {
                    "text": "外翻",
                    "alias": "7FE42E2A-7435-198D-D04C-94864C297821",
                    "meta": "jiaoxing",
                    "userDefined": "true"
                },
                {
                    "text": "的脚"
                }
            ],
            "is_template": 0,
            "priority": 5
        },
        {
            "id": "193E7FBF-08F2-EC3B-A3D7-29AC74620F43",
            "data": [
                {
                    "text": "300到500块",
                    "alias": "D8B8FBD4-3C97-2F42-2326-FF22F47550D2",
                    "meta": "price",
                    "userDefined": "true"
                },
                {
                    "text": "吧"
                }
            ],
            "is_template": 0,
            "priority": 12
        },
        {
            "id": "199C2A20-B021-1AD6-89C4-A594AE6D6895",
            "data": [
                {
                    "text": "我是"
                },
                {
                    "text": "男孩",
                    "alias": "D6B45D45-7088-2AEA-C8D9-DFD27FF5893A",
                    "meta": "xingbie",
                    "userDefined": "true"
                }
            ],
            "is_template": 0,
            "priority": 15
        },
        {
            "id": "1A2DC0EB-BDDF-ED58-2362-6233A9AF500D",
            "data": [
                {
                    "text": "低足弓",
                    "alias": "7FE42E2A-7435-198D-D04C-94864C297821",
                    "meta": "jiaoxing",
                    "userDefined": "true"
                }
            ],
            "is_template": 0,
            "priority": 25
        },
        {
            "id": "1B142415-5378-216E-DD98-7F3AC829FFDB",
            "data": [
                {
                    "text": "2里",
                    "alias": "70698C50-B835-F50F-369F-39B78232BAD4",
                    "meta": "mile",
                    "userDefined": "true"
                },
                {
                    "text": "吧"
                }
            ],
            "is_template": 0,
            "priority": 9
        },
        {
            "id": "26A875B0-ED3B-C8A4-4F20-DD1EAFF8D963",
            "data": [
                {
                    "text": "内旋正常",
                    "alias": "7FE42E2A-7435-198D-D04C-94864C297821",
                    "meta": "jiaoxing",
                    "userDefined": "true"
                }
            ],
            "is_template": 0,
            "priority": 19
        },
        {
            "id": "29F54225-464B-CCA1-46B1-5363883A605D",
            "data": [
                {
                    "text": "一周跑"
                },
                {
                    "text": "15km",
                    "alias": "70698C50-B835-F50F-369F-39B78232BAD4",
                    "meta": "mile",
                    "userDefined": "true"
                },
                {
                    "text": "左右吧"
                }
            ],
            "is_template": 0,
            "priority": 11
        },
        {
            "id": "30B93AC0-F8FA-F14B-3846-D502DA897942",
            "data": [
                {
                    "text": "脚型"
                },
                {
                    "text": "内翻",
                    "alias": "7FE42E2A-7435-198D-D04C-94864C297821",
                    "meta": "jiaoxing",
                    "userDefined": "true"
                }
            ],
            "is_template": 0,
            "priority": 1
        },
        {
            "id": "51FD4AB7-BE1A-572C-745A-7B1BF7608187",
            "data": [
                {
                    "text": "足外翻",
                    "alias": "7FE42E2A-7435-198D-D04C-94864C297821",
                    "meta": "jiaoxing",
                    "userDefined": "true"
                }
            ],
            "is_template": 0,
            "priority": 26
        },
        {
            "id": "57DB4B6C-9E88-B861-AE0D-B5F947C7ABC7",
            "data": [
                {
                    "text": "高足弓",
                    "alias": "7FE42E2A-7435-198D-D04C-94864C297821",
                    "meta": "jiaoxing",
                    "userDefined": "false"
                }
            ],
            "is_template": 0,
            "priority": 2
        },
        {
            "id": "64924E93-CF6B-D885-3F04-DF7EA218A25C",
            "data": [
                {
                    "text": "正常内旋",
                    "alias": "7FE42E2A-7435-198D-D04C-94864C297821",
                    "meta": "jiaoxing",
                    "userDefined": "true"
                }
            ],
            "is_template": 0,
            "priority": 18
        },
        {
            "id": "71EDD395-2CE8-D988-8807-1F60F84B69CA",
            "data": [
                {
                    "text": "男",
                    "alias": "D6B45D45-7088-2AEA-C8D9-DFD27FF5893A",
                    "meta": "xingbie",
                    "userDefined": "true"
                }
            ],
            "is_template": 0,
            "priority": 17
        },
        {
            "id": "7A0E2606-1D19-5819-69E9-3F870AA4B2B5",
            "data": [
                {
                    "text": "每周跑步"
                },
                {
                    "text": "3公里",
                    "alias": "70698C50-B835-F50F-369F-39B78232BAD4",
                    "meta": "mile",
                    "userDefined": "true"
                },
                {
                    "text": "吧"
                }
            ],
            "is_template": 0,
            "priority": 8
        },
        {
            "id": "7E9F8796-AD0E-3F75-4D1D-E8D0568B0A96",
            "data": [
                {
                    "text": "足内翻",
                    "alias": "7FE42E2A-7435-198D-D04C-94864C297821",
                    "meta": "jiaoxing",
                    "userDefined": "true"
                }
            ],
            "is_template": 0,
            "priority": 27
        },
        {
            "id": "81C6BB71-1228-9121-A7BE-55B79D551734",
            "data": [
                {
                    "text": "10到30公里",
                    "alias": "70698C50-B835-F50F-369F-39B78232BAD4",
                    "meta": "mile",
                    "userDefined": "true"
                },
                {
                    "text": "吧"
                }
            ],
            "is_template": 0,
            "priority": 10
        },
        {
            "id": "965C1ECC-6088-D1A3-27D0-A65C12FE7264",
            "data": [
                {
                    "text": "don't know"
                }
            ],
            "is_template": 0,
            "priority": 20
        },
        {
            "id": "9DE4728E-2550-B1D4-F3F8-B4F15D2D12CE",
            "data": [
                {
                    "text": "高足弓",
                    "alias": "7FE42E2A-7435-198D-D04C-94864C297821",
                    "meta": "jiaoxing",
                    "userDefined": "true"
                }
            ],
            "is_template": 0,
            "priority": 24
        },
        {
            "id": "A3A57AD8-C6A8-6120-7D26-7927CE2C4BB3",
            "data": [
                {
                    "text": "200块左右",
                    "alias": "D8B8FBD4-3C97-2F42-2326-FF22F47550D2",
                    "meta": "price",
                    "userDefined": "true"
                },
                {
                    "text": "吧"
                }
            ],
            "is_template": 0,
            "priority": 13
        },
        {
            "id": "B7320D33-01A7-A50A-5966-299003D1FE71",
            "data": [
                {
                    "text": "外翻",
                    "alias": "7FE42E2A-7435-198D-D04C-94864C297821",
                    "meta": "jiaoxing",
                    "userDefined": "true"
                },
                {
                    "text": "吧"
                }
            ],
            "is_template": 0,
            "priority": 4
        },
        {
            "id": "C0942ED3-07C3-9153-6ABD-41DD98004911",
            "data": [
                {
                    "text": "女士",
                    "alias": "D6B45D45-7088-2AEA-C8D9-DFD27FF5893A",
                    "meta": "xingbie",
                    "userDefined": "true"
                },
                {
                    "text": "，谢谢"
                }
            ],
            "is_template": 0,
            "priority": 16
        },
        {
            "id": "C5466F6C-24EE-FC55-0DC6-B9FC5F73DD8C",
            "data": [
                {
                    "text": "我的脚型是"
                },
                {
                    "text": "内翻",
                    "alias": "7FE42E2A-7435-198D-D04C-94864C297821",
                    "meta": "jiaoxing",
                    "userDefined": "true"
                }
            ],
            "is_template": 0,
            "priority": 3
        },
        {
            "id": "D09D5FA5-3803-9247-B5DF-6FF4FB14F50F",
            "data": [
                {
                    "text": "应该是"
                },
                {
                    "text": "正常内旋",
                    "alias": "7FE42E2A-7435-198D-D04C-94864C297821",
                    "meta": "jiaoxing",
                    "userDefined": "true"
                },
                {
                    "text": "吧"
                }
            ],
            "is_template": 0,
            "priority": 7
        },
        {
            "id": "D8BA09AC-B901-6FEF-D607-6FF01F0E280B",
            "data": [
                {
                    "text": "不清楚",
                    "alias": "EBF46575-6C45-4F0F-106E-A1753DDEAB7B",
                    "meta": "shiyufou",
                    "userDefined": "true"
                }
            ],
            "is_template": 0,
            "priority": 21
        },
        {
            "id": "DC2F38B5-D3CF-D9EF-BE90-6496139DE204",
            "data": [
                {
                    "text": "300元左右",
                    "alias": "D8B8FBD4-3C97-2F42-2326-FF22F47550D2",
                    "meta": "price",
                    "userDefined": "true"
                },
                {
                    "text": "吧"
                }
            ],
            "is_template": 0,
            "priority": 14
        },
        {
            "id": "E78C1237-76D6-3A20-F658-CCCECC0C8262",
            "data": [
                {
                    "text": "不知道",
                    "alias": "EBF46575-6C45-4F0F-106E-A1753DDEAB7B",
                    "meta": "shiyufou",
                    "userDefined": "true"
                }
            ],
            "is_template": 0,
            "priority": 22
        },
        {
            "id": "FD1ABCAB-C790-15BA-7D4F-910FC3052278",
            "data": [
                {
                    "text": "不明白",
                    "alias": "EBF46575-6C45-4F0F-106E-A1753DDEAB7B",
                    "meta": "shiyufou",
                    "userDefined": "true"
                }
            ],
            "is_template": 0,
            "priority": 23
        }
    ]
}