{
    "id": "732DAB89-0F7D-8B57-2C09-036EF06BFF46",
    "name": "1.1-脚型-修改",
    "contexts_in": [
        "mid_shoe"
    ],
    "contexts_out": [
        {
            "name": "mid_shoe",
            "lifespan": "5"
        }
    ],
    "contexts_out_status": 1,
    "action": "find_shoe_type",
    "priority": 500000,
    "webhook_used": 1,
    "auto": 0,
    "created_at": "1471101636",
    "parameter": [
        {
            "id": "11228CA0-F4DB-C437-8C73-3C4699F81704",
            "entity_id": "7FE42E2A-7435-198D-D04C-94864C297821",
            "data_type": "7FE42E2A-7435-198D-D04C-94864C297821",
            "name": "jiaoxing",
            "value": "${jiaoxing}",
            "default_value": "",
            "action": "",
            "prompts": [],
            "required": 0,
            "priority": 0
        },
        {
            "id": "43EDBFCC-52CA-D422-D4B0-AA277EA5E834",
            "entity_id": "D6B45D45-7088-2AEA-C8D9-DFD27FF5893A",
            "data_type": "D6B45D45-7088-2AEA-C8D9-DFD27FF5893A",
            "name": "xingbie",
            "value": "#{mid_shoe.xingbie}",
            "default_value": "",
            "action": "",
            "prompts": [],
            "required": 0,
            "priority": 3
        },
        {
            "id": "6DD91C63-5BAC-A19E-9B50-54B111402389",
            "entity_id": "70698C50-B835-F50F-369F-39B78232BAD4",
            "data_type": "70698C50-B835-F50F-369F-39B78232BAD4",
            "name": "mile",
            "value": "#{mid_shoe.mile}",
            "default_value": "",
            "action": "",
            "prompts": [],
            "required": 0,
            "priority": 1
        },
        {
            "id": "9CAD56BC-7E2C-F8BA-8DC7-CE0AB813BFAE",
            "entity_id": "D8B8FBD4-3C97-2F42-2326-FF22F47550D2",
            "data_type": "D8B8FBD4-3C97-2F42-2326-FF22F47550D2",
            "name": "price",
            "value": "#{mid_shoe.price}",
            "default_value": "",
            "action": "",
            "prompts": [],
            "required": 0,
            "priority": 2
        }
    ],
    "responses": [
        {
            "id": "CE5BC416-8619-809E-2AB6-279199CA447C",
            "reset_contexts": 0,
            "speech": [
                "好的，您性别${xingbie}；脚型是${jiaoxing}，适合穿[[shoe_type]]的鞋；每周跑步公里数为${mile}；接受的价格为${price}。这些信息对吧？"
            ]
        }
    ],
    "user_say": [
        {
            "id": "163590D5-F996-AD29-C01B-C154CCE7DB7C",
            "data": [
                {
                    "text": "修改脚型为"
                },
                {
                    "text": "外翻",
                    "alias": "7FE42E2A-7435-198D-D04C-94864C297821",
                    "meta": "jiaoxing",
                    "userDefined": "true"
                }
            ],
            "is_template": 0,
            "priority": 4
        },
        {
            "id": "85F04C9E-BA3D-6AF1-ECEA-5C4F2A45E858",
            "data": [
                {
                    "text": "不对，"
                },
                {
                    "text": "外翻",
                    "alias": "7FE42E2A-7435-198D-D04C-94864C297821",
                    "meta": "jiaoxing",
                    "userDefined": "true"
                },
                {
                    "text": "脚型"
                }
            ],
            "is_template": 0,
            "priority": 3
        },
        {
            "id": "D5908273-1C94-864C-93EC-7F69B154B352",
            "data": [
                {
                    "text": "说错了，我的脚是"
                },
                {
                    "text": "外翻",
                    "alias": "7FE42E2A-7435-198D-D04C-94864C297821",
                    "meta": "jiaoxing",
                    "userDefined": "true"
                }
            ],
            "is_template": 0,
            "priority": 2
        },
        {
            "id": "FF6979A9-2EB3-B20C-ED25-E25A93743034",
            "data": [
                {
                    "text": "纠正下，脚型是"
                },
                {
                    "text": "正常",
                    "alias": "7FE42E2A-7435-198D-D04C-94864C297821",
                    "meta": "jiaoxing",
                    "userDefined": "false"
                }
            ],
            "is_template": 0,
            "priority": 1
        }
    ]
}