{
    "id": "7730B8E9-E409-D8A7-7D4C-125741452DCC",
    "name": "1.2-公里数-修改",
    "contexts_in": [
        "mid_shoe"
    ],
    "contexts_out": [
        {
            "name": "mid_shoe",
            "lifespan": "5"
        }
    ],
    "contexts_out_status": 1,
    "action": "find_shoe_type",
    "priority": 500000,
    "webhook_used": 1,
    "auto": 0,
    "created_at": "1471934606",
    "parameter": [
        {
            "id": "0A0EE7DF-95FB-9217-43D8-23BD4C4FEF23",
            "entity_id": "7FE42E2A-7435-198D-D04C-94864C297821",
            "data_type": "7FE42E2A-7435-198D-D04C-94864C297821",
            "name": "jiaoxing",
            "value": "#{mid_shoe.jiaoxing}",
            "default_value": "",
            "action": "",
            "prompts": [],
            "required": 0,
            "priority": 1
        },
        {
            "id": "4AE5C917-909C-E57D-0DFC-3F0F27A78620",
            "entity_id": "D8B8FBD4-3C97-2F42-2326-FF22F47550D2",
            "data_type": "D8B8FBD4-3C97-2F42-2326-FF22F47550D2",
            "name": "price",
            "value": "#{mid_shoe.price}",
            "default_value": "",
            "action": "",
            "prompts": [],
            "required": 0,
            "priority": 2
        },
        {
            "id": "5BDCC529-BEFE-DECE-B9BA-47D296764C92",
            "entity_id": "D6B45D45-7088-2AEA-C8D9-DFD27FF5893A",
            "data_type": "D6B45D45-7088-2AEA-C8D9-DFD27FF5893A",
            "name": "xingbie",
            "value": "#{mid_shoe.xingbie}",
            "default_value": "",
            "action": "",
            "prompts": [],
            "required": 0,
            "priority": 3
        },
        {
            "id": "FC5515AD-82B8-2D36-8DF3-DB4BBA83F325",
            "entity_id": "70698C50-B835-F50F-369F-39B78232BAD4",
            "data_type": "70698C50-B835-F50F-369F-39B78232BAD4",
            "name": "mile",
            "value": "${mile}",
            "default_value": "",
            "action": "",
            "prompts": [],
            "required": 0,
            "priority": 0
        }
    ],
    "responses": [
        {
            "id": "F2474861-212A-DD13-7A47-FC3BE642E885",
            "reset_contexts": 0,
            "speech": [
                "好的，您性别${xingbie}；脚型是${jiaoxing}，适合穿[[shoe_type]]的鞋；每周跑步公里数为${mile}；接受的价格为${price}。这些信息对吧？"
            ]
        }
    ],
    "user_say": [
        {
            "id": "07D586BF-FF6F-1A8F-6ED9-49A304730D35",
            "data": [
                {
                    "text": "说错了，大概"
                },
                {
                    "text": "2到3公里",
                    "alias": "70698C50-B835-F50F-369F-39B78232BAD4",
                    "meta": "mile",
                    "userDefined": "true"
                },
                {
                    "text": "吧"
                }
            ],
            "is_template": 0,
            "priority": 2
        },
        {
            "id": "2DB2CCDE-F4BA-21FC-A5DD-CF078D5E5041",
            "data": [
                {
                    "text": "错了，每周大概跑"
                },
                {
                    "text": "3公里",
                    "alias": "70698C50-B835-F50F-369F-39B78232BAD4",
                    "meta": "mile",
                    "userDefined": "true"
                }
            ],
            "is_template": 0,
            "priority": 1
        },
        {
            "id": "80B89BC9-C418-40F7-60FE-B80283D7E9B7",
            "data": [
                {
                    "text": "不对，一周大概"
                },
                {
                    "text": "10公里",
                    "alias": "70698C50-B835-F50F-369F-39B78232BAD4",
                    "meta": "mile",
                    "userDefined": "true"
                },
                {
                    "text": "吧"
                }
            ],
            "is_template": 0,
            "priority": 4
        },
        {
            "id": "E7FED45E-E7CA-42F6-14E7-064B0D45A324",
            "data": [
                {
                    "text": "修改下，是每周约"
                },
                {
                    "text": "3里",
                    "alias": "70698C50-B835-F50F-369F-39B78232BAD4",
                    "meta": "mile",
                    "userDefined": "true"
                }
            ],
            "is_template": 0,
            "priority": 3
        }
    ]
}