{
    "id": "245C538E-DC89-20CD-522B-21774317E40E",
    "name": "1.3-价格-修改",
    "contexts_in": [
        "mid_shoe"
    ],
    "contexts_out": [
        {
            "name": "mid_shoe",
            "lifespan": "5"
        }
    ],
    "contexts_out_status": 1,
    "action": "find_shoe_type",
    "priority": 500000,
    "webhook_used": 1,
    "auto": 0,
    "created_at": "1471939716",
    "parameter": [
        {
            "id": "9FD79EDB-6199-63EB-A785-84C1E445664A",
            "entity_id": "D8B8FBD4-3C97-2F42-2326-FF22F47550D2",
            "data_type": "D8B8FBD4-3C97-2F42-2326-FF22F47550D2",
            "name": "price",
            "value": "${price}",
            "default_value": "",
            "action": "",
            "prompts": [],
            "required": 0,
            "priority": 0
        },
        {
            "id": "CDC3FBF5-5FB9-0B33-7F7A-B4CB374315DD",
            "entity_id": "70698C50-B835-F50F-369F-39B78232BAD4",
            "data_type": "70698C50-B835-F50F-369F-39B78232BAD4",
            "name": "mile",
            "value": "#{mid_shoe.mile}",
            "default_value": "",
            "action": "",
            "prompts": [],
            "required": 0,
            "priority": 2
        },
        {
            "id": "EB2813CA-A758-443E-C402-AC8B83DD6327",
            "entity_id": "D6B45D45-7088-2AEA-C8D9-DFD27FF5893A",
            "data_type": "D6B45D45-7088-2AEA-C8D9-DFD27FF5893A",
            "name": "xingbie",
            "value": "#{mid_shoe.xingbie}",
            "default_value": "",
            "action": "",
            "prompts": [],
            "required": 0,
            "priority": 3
        },
        {
            "id": "F06CFDB9-077D-943C-92C5-255119C90D23",
            "entity_id": "7FE42E2A-7435-198D-D04C-94864C297821",
            "data_type": "7FE42E2A-7435-198D-D04C-94864C297821",
            "name": "jiaoxing",
            "value": "#{mid_shoe.jiaoxing}",
            "default_value": "",
            "action": "",
            "prompts": [],
            "required": 0,
            "priority": 1
        }
    ],
    "responses": [
        {
            "id": "C861F142-1C69-9A59-F4B5-7D943F37F08D",
            "reset_contexts": 0,
            "speech": [
                "好的，您性别${xingbie}；脚型是${jiaoxing}，适合穿[[shoe_type]]的鞋；每周跑步公里数为${mile}；接受的价格为${price}。这些信息对吧？"
            ]
        }
    ],
    "user_say": [
        {
            "id": "48B9A87E-79DB-780C-F1A8-FF862FA36DBB",
            "data": [
                {
                    "text": "修改下，"
                },
                {
                    "text": "500元左右",
                    "alias": "D8B8FBD4-3C97-2F42-2326-FF22F47550D2",
                    "meta": "price",
                    "userDefined": "true"
                },
                {
                    "text": "即可。"
                }
            ],
            "is_template": 0,
            "priority": 3
        },
        {
            "id": "783FE799-0C2C-CDA7-93D2-DB2334D6C6A9",
            "data": [
                {
                    "text": "错了，价格在"
                },
                {
                    "text": "1000元左右",
                    "alias": "D8B8FBD4-3C97-2F42-2326-FF22F47550D2",
                    "meta": "price",
                    "userDefined": "true"
                },
                {
                    "text": "都行。"
                }
            ],
            "is_template": 0,
            "priority": 2
        },
        {
            "id": "D02557BB-803A-34E8-712C-34F7B5F3FAFA",
            "data": [
                {
                    "text": "不对，合适的价格是"
                },
                {
                    "text": "1000元以下",
                    "alias": "D8B8FBD4-3C97-2F42-2326-FF22F47550D2",
                    "meta": "price",
                    "userDefined": "true"
                },
                {
                    "text": "。"
                }
            ],
            "is_template": 0,
            "priority": 1
        }
    ]
}