{
    "id": "CFAF750D-D2A6-5EDF-1633-EFACB5B3C5C7",
    "name": "1.4-性别-修改",
    "contexts_in": [
        "mid_shoe"
    ],
    "contexts_out": [
        {
            "name": "mid_shoe",
            "lifespan": "5"
        }
    ],
    "contexts_out_status": 1,
    "action": "find_shoe_type",
    "priority": 500000,
    "webhook_used": 1,
    "auto": 0,
    "created_at": "1472106569",
    "parameter": [
        {
            "id": "50384A58-309A-AAAE-FAD6-CCDFD59B3F84",
            "entity_id": "D8B8FBD4-3C97-2F42-2326-FF22F47550D2",
            "data_type": "D8B8FBD4-3C97-2F42-2326-FF22F47550D2",
            "name": "price",
            "value": "#{mid_shoe.price}",
            "default_value": "",
            "action": "",
            "prompts": [],
            "required": 0,
            "priority": 3
        },
        {
            "id": "87C93A03-6ADE-EB10-8BD4-5F524E9B788A",
            "entity_id": "7FE42E2A-7435-198D-D04C-94864C297821",
            "data_type": "7FE42E2A-7435-198D-D04C-94864C297821",
            "name": "jiaoxing",
            "value": "#{mid_shoe.jiaoxing}",
            "default_value": "",
            "action": "",
            "prompts": [],
            "required": 0,
            "priority": 1
        },
        {
            "id": "A87129E2-23AC-9614-B126-ABFFD5650018",
            "entity_id": "70698C50-B835-F50F-369F-39B78232BAD4",
            "data_type": "70698C50-B835-F50F-369F-39B78232BAD4",
            "name": "mile",
            "value": "#{mid_shoe.mile}",
            "default_value": "",
            "action": "",
            "prompts": [],
            "required": 0,
            "priority": 2
        },
        {
            "id": "ED639E26-799B-55C0-B98B-B08AD1B16368",
            "entity_id": "D6B45D45-7088-2AEA-C8D9-DFD27FF5893A",
            "data_type": "D6B45D45-7088-2AEA-C8D9-DFD27FF5893A",
            "name": "xingbie",
            "value": "${xingbie}",
            "default_value": "",
            "action": "",
            "prompts": [],
            "required": 0,
            "priority": 0
        }
    ],
    "responses": [
        {
            "id": "545FA11E-11BE-E58A-5453-0A5F9FF1D1DE",
            "reset_contexts": 0,
            "speech": [
                "好的，您性别${xingbie}；脚型是${jiaoxing}，适合穿[[shoe_type]]的鞋；每周跑步公里数为${mile}；接受的价格为${price}。这些信息对吧？"
            ]
        }
    ],
    "user_say": [
        {
            "id": "1799B466-F16C-1C15-8391-DD0FFC412B2C",
            "data": [
                {
                    "text": "说错了，我是"
                },
                {
                    "text": "男性",
                    "alias": "D6B45D45-7088-2AEA-C8D9-DFD27FF5893A",
                    "meta": "xingbie",
                    "userDefined": "true"
                }
            ],
            "is_template": 0,
            "priority": 2
        },
        {
            "id": "51B8E684-1D84-EAB5-1FB1-CEE679B2E303",
            "data": [
                {
                    "text": "修改性别，我是"
                },
                {
                    "text": "女生",
                    "alias": "D6B45D45-7088-2AEA-C8D9-DFD27FF5893A",
                    "meta": "xingbie",
                    "userDefined": "true"
                }
            ],
            "is_template": 0,
            "priority": 1
        }
    ]
}