{
    "id": "6CF28EC5-D3A1-7E90-BE59-1F918BA22268",
    "name": "2-信息确认",
    "contexts_in": [
        "mid_shoe"
    ],
    "contexts_out": [
        {
            "name": "done_shoe",
            "lifespan": "5"
        }
    ],
    "contexts_out_status": 1,
    "action": "find_shoes",
    "priority": 500000,
    "webhook_used": 1,
    "auto": 0,
    "created_at": "1471940570",
    "parameter": [
        {
            "id": "199F0504-8D3E-0001-55CA-F94CE497130E",
            "entity_id": "",
            "data_type": "",
            "name": "rec_list",
            "value": "[[rec_list]]",
            "default_value": "",
            "action": "",
            "prompts": [],
            "required": 0,
            "priority": 5
        },
        {
            "id": "49D44C60-4BBA-27CC-1308-57FA2E496162",
            "entity_id": "D8B8FBD4-3C97-2F42-2326-FF22F47550D2",
            "data_type": "D8B8FBD4-3C97-2F42-2326-FF22F47550D2",
            "name": "price",
            "value": "#{mid_shoe.price}",
            "default_value": "",
            "action": "",
            "prompts": [],
            "required": 0,
            "priority": 3
        },
        {
            "id": "537551E1-153A-873A-5584-260912728468",
            "entity_id": "7FE42E2A-7435-198D-D04C-94864C297821",
            "data_type": "7FE42E2A-7435-198D-D04C-94864C297821",
            "name": "jiaoxing",
            "value": "#{mid_shoe.jiaoxing}",
            "default_value": "",
            "action": "",
            "prompts": [],
            "required": 0,
            "priority": 1
        },
        {
            "id": "BA4DA322-99D3-C51E-558F-D1C8DB1FAD6F",
            "entity_id": "EBF46575-6C45-4F0F-106E-A1753DDEAB7B",
            "data_type": "EBF46575-6C45-4F0F-106E-A1753DDEAB7B",
            "name": "shifou",
            "value": "${shifou}",
            "default_value": "",
            "action": "",
            "prompts": [],
            "required": 0,
            "priority": 0
        },
        {
            "id": "C39EBCCB-E6F2-56CF-D753-4392A5EC991E",
            "entity_id": "D6B45D45-7088-2AEA-C8D9-DFD27FF5893A",
            "data_type": "D6B45D45-7088-2AEA-C8D9-DFD27FF5893A",
            "name": "xingbie",
            "value": "#{mid_shoe.xingbie}",
            "default_value": "",
            "action": "",
            "prompts": [],
            "required": 0,
            "priority": 4
        },
        {
            "id": "FE8B8E0D-EA75-CE4E-B94F-0E5C30D07885",
            "entity_id": "70698C50-B835-F50F-369F-39B78232BAD4",
            "data_type": "70698C50-B835-F50F-369F-39B78232BAD4",
            "name": "mile",
            "value": "#{mid_shoe.mile}",
            "default_value": "",
            "action": "",
            "prompts": [],
            "required": 0,
            "priority": 2
        }
    ],
    "responses": [
        {
            "id": "311CF80C-1554-7877-8B0E-FB372DEC086E",
            "reset_contexts": 0,
            "speech": [
                "好的，您性别${xingbie}，脚型是${jiaoxing}，每周跑步公里数为${mile}，接受的价格为${price}。适合您的鞋包括这些：\n\n${rec_list}",
                "好的，根据您的资料，为您推荐以下跑步鞋：\n\n${rec_list}"
            ]
        }
    ],
    "user_say": [
        {
            "id": "1B308F6A-9B3F-B8C8-EE62-9AC6D277503D",
            "data": [
                {
                    "text": "好的",
                    "alias": "EBF46575-6C45-4F0F-106E-A1753DDEAB7B",
                    "meta": "shifou",
                    "userDefined": "true"
                }
            ],
            "is_template": 0,
            "priority": 5
        },
        {
            "id": "230577C4-68C5-CFE9-B635-7EC37790BB2D",
            "data": [
                {
                    "text": "是的",
                    "alias": "EBF46575-6C45-4F0F-106E-A1753DDEAB7B",
                    "meta": "shifou",
                    "userDefined": "false"
                }
            ],
            "is_template": 0,
            "priority": 2
        },
        {
            "id": "28FC2296-E6CF-5B52-B244-F66A9C0D3DED",
            "data": [
                {
                    "text": "好",
                    "alias": "EBF46575-6C45-4F0F-106E-A1753DDEAB7B",
                    "meta": "shifou",
                    "userDefined": "true"
                }
            ],
            "is_template": 0,
            "priority": 6
        },
        {
            "id": "77A94382-B92F-AC47-E88A-C8EFBC3B11D6",
            "data": [
                {
                    "text": "嗯",
                    "alias": "EBF46575-6C45-4F0F-106E-A1753DDEAB7B",
                    "meta": "shifou",
                    "userDefined": "false"
                }
            ],
            "is_template": 0,
            "priority": 1
        },
        {
            "id": "83AA661A-A22F-71BA-6B6F-539B81DD7C83",
            "data": [
                {
                    "text": "没错",
                    "alias": "EBF46575-6C45-4F0F-106E-A1753DDEAB7B",
                    "meta": "shifou",
                    "userDefined": "false"
                }
            ],
            "is_template": 0,
            "priority": 3
        },
        {
            "id": "9443C3A8-DF94-39B3-D29F-454F6CC4ED20",
            "data": [
                {
                    "text": "对的",
                    "alias": "EBF46575-6C45-4F0F-106E-A1753DDEAB7B",
                    "meta": "shifou",
                    "userDefined": "false"
                }
            ],
            "is_template": 0,
            "priority": 4
        }
    ]
}