{
    "id": "ED270BA0-16CD-C104-EA83-B969A0FBDE1C",
    "name": "2.2-信息否认",
    "contexts_in": [
        "mid_shoe"
    ],
    "contexts_out": [
        {
            "name": "mid_shoe",
            "lifespan": "5"
        },
        {
            "name": "rec_shoe",
            "lifespan": "0"
        }
    ],
    "contexts_out_status": 1,
    "action": "",
    "priority": 500000,
    "webhook_used": 1,
    "auto": 0,
    "created_at": "1473307573",
    "parameter": [
        {
            "id": "5C809C3A-77EC-36E0-1915-9310C776EC40",
            "entity_id": "EBF46575-6C45-4F0F-106E-A1753DDEAB7B",
            "data_type": "EBF46575-6C45-4F0F-106E-A1753DDEAB7B",
            "name": "shiyufou",
            "value": "${shiyufou}",
            "default_value": "",
            "action": "",
            "prompts": [],
            "required": 0,
            "priority": 0
        }
    ],
    "responses": [
        {
            "id": "294544C0-4048-C225-0B27-2A888B3DD9C1",
            "reset_contexts": 0,
            "speech": [
                "您看哪个错了，直接告诉我正确的就行哦。"
            ]
        }
    ],
    "user_say": [
        {
            "id": "346A2E3F-7BD2-962A-AB88-875C8F14A57D",
            "data": [
                {
                    "text": "错误",
                    "alias": "EBF46575-6C45-4F0F-106E-A1753DDEAB7B",
                    "meta": "shiyufou",
                    "userDefined": "true"
                }
            ],
            "is_template": 0,
            "priority": 3
        },
        {
            "id": "94D55D32-7673-FCF2-F311-9D70DE45F0BA",
            "data": [
                {
                    "text": "不对",
                    "alias": "EBF46575-6C45-4F0F-106E-A1753DDEAB7B",
                    "meta": "shiyufou",
                    "userDefined": "true"
                }
            ],
            "is_template": 0,
            "priority": 1
        },
        {
            "id": "D916F998-1A41-1BA7-89A7-5417F64A6E1D",
            "data": [
                {
                    "text": "错了",
                    "alias": "EBF46575-6C45-4F0F-106E-A1753DDEAB7B",
                    "meta": "shiyufou",
                    "userDefined": "true"
                }
            ],
            "is_template": 0,
            "priority": 2
        }
    ]
}