{
    "id": "690ACD43-B236-6164-64A8-EDD0DE5D49E1",
    "name": "3-推荐完成",
    "contexts_in": [
        "done_shoe"
    ],
    "contexts_out": [
        {
            "name": "done_shoe",
            "lifespan": "5"
        }
    ],
    "contexts_out_status": 1,
    "action": "",
    "priority": 500000,
    "webhook_used": 1,
    "auto": 0,
    "created_at": "1473307047",
    "parameter": [
        {
            "id": "01DCEDF1-67FD-1E29-B601-151E5FB18183",
            "entity_id": "EBF46575-6C45-4F0F-106E-A1753DDEAB7B",
            "data_type": "EBF46575-6C45-4F0F-106E-A1753DDEAB7B",
            "name": "shiyufou",
            "value": "${shiyufou}",
            "default_value": "",
            "action": "",
            "prompts": [],
            "required": 0,
            "priority": 0
        }
    ],
    "responses": [
        {
            "id": "20836A71-66ED-7276-642B-C25D9B96C3BE",
            "reset_contexts": 0,
            "speech": [
                "好的。AI一号祝您一天好心情。AI二号下周发布哦，欢迎关注^_^",
                "谢谢。AI一号祝您一天好心情。AI二号下周发布哦，欢迎关注^_^"
            ]
        }
    ],
    "user_say": [
        {
            "id": "3FA49F36-AFDC-A54E-F968-5BA100EC956E",
            "data": [
                {
                    "text": "厉害啊"
                }
            ],
            "is_template": 0,
            "priority": 6
        },
        {
            "id": "5ABB9050-F252-377D-D51F-BBB85A190C38",
            "data": [
                {
                    "text": "多谢"
                }
            ],
            "is_template": 0,
            "priority": 3
        },
        {
            "id": "954C8E1D-2F7F-9ABD-59C9-03ADA317A81E",
            "data": [
                {
                    "text": "你真棒"
                }
            ],
            "is_template": 0,
            "priority": 4
        },
        {
            "id": "AA0AE930-280D-396B-ED61-C406687E9013",
            "data": [
                {
                    "text": "不错啊"
                }
            ],
            "is_template": 0,
            "priority": 5
        },
        {
            "id": "B4E28266-8BC5-8AA4-9B03-062F86F29C86",
            "data": [
                {
                    "text": "收到"
                }
            ],
            "is_template": 0,
            "priority": 2
        },
        {
            "id": "E9D86B5C-8086-BEA3-5638-CBA475EF1B71",
            "data": [
                {
                    "text": "好的",
                    "alias": "EBF46575-6C45-4F0F-106E-A1753DDEAB7B",
                    "meta": "shiyufou",
                    "userDefined": "true"
                },
                {
                    "text": "，谢谢"
                }
            ],
            "is_template": 0,
            "priority": 7
        },
        {
            "id": "FBC2D47D-5F4D-2841-7401-D64418A00273",
            "data": [
                {
                    "text": "谢谢"
                }
            ],
            "is_template": 0,
            "priority": 1
        }
    ]
}