{
    "id": "F99CF875-333C-A339-A153-1401B226F3AF",
    "name": "询问父母",
    "contexts_in": [],
    "contexts_out": [
        {
            "name": "hello",
            "lifespan": "5"
        }
    ],
    "contexts_out_status": 1,
    "action": "",
    "priority": 500000,
    "webhook_used": 1,
    "auto": 0,
    "created_at": "1473168198",
    "responses": [
        {
            "id": "11E19AB9-70C7-CCA6-B411-BDA8F75BE6EF",
            "reset_contexts": 0,
            "speech": [
                "我爸爸叫老贾，我妈妈叫小缘。",
                "我妈妈叫小缘，我爸爸是老贾。"
            ]
        }
    ],
    "user_say": [
        {
            "id": "56DE05BE-ABDB-F54E-BD11-0140D0127D5B",
            "data": [
                {
                    "text": "老爸是谁？"
                }
            ],
            "is_template": 0,
            "priority": 6
        },
        {
            "id": "A7033348-6739-F464-9BA4-6F47ACA890F2",
            "data": [
                {
                    "text": "你爸爸是谁？"
                }
            ],
            "is_template": 0,
            "priority": 3
        },
        {
            "id": "B43CA2CF-64C0-3D25-AB8D-70552D1D2D74",
            "data": [
                {
                    "text": "你老妈是谁？"
                }
            ],
            "is_template": 0,
            "priority": 4
        },
        {
            "id": "B73743ED-E364-BC05-6D4B-47D2B19DC42F",
            "data": [
                {
                    "text": "妈妈是谁？"
                }
            ],
            "is_template": 0,
            "priority": 5
        },
        {
            "id": "CC412EFF-9554-07FC-F8E6-B683A4080A1F",
            "data": [
                {
                    "text": "谁创造了你？"
                }
            ],
            "is_template": 0,
            "priority": 2
        },
        {
            "id": "CEC3B7FA-4B53-99B4-EEB1-ACF495B13087",
            "data": [
                {
                    "text": "谁创建你的？"
                }
            ],
            "is_template": 0,
            "priority": 1
        }
    ]
}