{
    "id": "AF2EEBF4-83C8-0903-51DC-78CB77C1D510",
    "name": "询问姓名",
    "contexts_in": [],
    "contexts_out": [
        {
            "name": "hello",
            "lifespan": "5"
        }
    ],
    "contexts_out_status": 1,
    "action": "",
    "priority": 500000,
    "webhook_used": 1,
    "auto": 0,
    "created_at": "1472633563",
    "parameter": [
        {
            "id": "AC48DD14-3BD6-A405-B303-2CB05F312EB6",
            "entity_id": "55725DD8-75FA-554B-551D-82D4CC61BA2C",
            "data_type": "55725DD8-75FA-554B-551D-82D4CC61BA2C",
            "name": "xingming",
            "value": "${xingming}",
            "default_value": "AI一号",
            "action": "",
            "prompts": [],
            "required": 0,
            "priority": 0
        }
    ],
    "responses": [
        {
            "id": "C04254FE-33CB-E46A-0EB7-E4E5529CF555",
            "reset_contexts": 0,
            "speech": [
                "您好，我叫${xingming}。我会推荐Asics（亚瑟士）跑步鞋哦，要不要试试？"
            ]
        }
    ],
    "user_say": [
        {
            "id": "111D12E9-056D-E976-E9B5-2DFD2E7AA3A3",
            "data": [
                {
                    "text": "你叫"
                },
                {
                    "text": "AI一号",
                    "alias": "55725DD8-75FA-554B-551D-82D4CC61BA2C",
                    "meta": "xingming",
                    "userDefined": "true"
                },
                {
                    "text": "？"
                }
            ],
            "is_template": 0,
            "priority": 8
        },
        {
            "id": "526561A7-C8DE-CA40-9738-7275812B8F92",
            "data": [
                {
                    "text": "你有名字吗"
                }
            ],
            "is_template": 0,
            "priority": 6
        },
        {
            "id": "6BE5C5E1-B84A-39A4-FA75-4AC0D6CE44AF",
            "data": [
                {
                    "text": "你的名字"
                }
            ],
            "is_template": 0,
            "priority": 5
        },
        {
            "id": "87A9BE1C-B048-593E-C3B2-3442F30AE5AF",
            "data": [
                {
                    "text": "你叫什么名字"
                }
            ],
            "is_template": 0,
            "priority": 1
        },
        {
            "id": "A3273A79-8FF5-2AB3-A02E-2AD5011273B4",
            "data": [
                {
                    "text": "怎么称呼"
                }
            ],
            "is_template": 0,
            "priority": 3
        },
        {
            "id": "B1E2F624-4756-D55C-D464-84DDCBCBCCC9",
            "data": [
                {
                    "text": "你的名字是"
                },
                {
                    "text": "AI一号",
                    "alias": "55725DD8-75FA-554B-551D-82D4CC61BA2C",
                    "meta": "xingming",
                    "userDefined": "true"
                },
                {
                    "text": "？"
                }
            ],
            "is_template": 0,
            "priority": 7
        },
        {
            "id": "B3589572-93C7-041A-10B8-0DC68CD1AE8D",
            "data": [
                {
                    "text": "你贵姓"
                }
            ],
            "is_template": 0,
            "priority": 2
        },
        {
            "id": "D003630A-D76C-5B2B-F135-487FCF084C48",
            "data": [
                {
                    "text": "你叫什么"
                }
            ],
            "is_template": 0,
            "priority": 4
        }
    ]
}