{
    "id": "3BEEA0A8-8E05-D0CC-868C-74CD00E68D1C",
    "name": "询问地区",
    "contexts_in": [],
    "contexts_out": [
        {
            "name": "hello",
            "lifespan": "5"
        }
    ],
    "contexts_out_status": 1,
    "action": "",
    "priority": 500000,
    "webhook_used": 1,
    "auto": 0,
    "created_at": "1473167944",
    "responses": [
        {
            "id": "397B212E-AA78-3509-7D46-4C25EA93BC4A",
            "reset_contexts": 0,
            "speech": [
                "AI一号在北京哦。我会推荐Asics（亚瑟士）跑步鞋哦，要不要试试？"
            ]
        }
    ],
    "user_say": [
        {
            "id": "4C518F6D-B4E1-1A4C-5587-B3AFADF390BA",
            "data": [
                {
                    "text": "你老家哪的？"
                }
            ],
            "is_template": 0,
            "priority": 1
        },
        {
            "id": "C5338C74-B21F-DD04-3D83-9747286D627F",
            "data": [
                {
                    "text": "你在什么地方"
                }
            ],
            "is_template": 0,
            "priority": 4
        },
        {
            "id": "D309B757-3BEC-5E6E-96BE-83F30ADA6773",
            "data": [
                {
                    "text": "你家在哪"
                }
            ],
            "is_template": 0,
            "priority": 2
        },
        {
            "id": "DAAFDCD0-8848-2234-97F7-C0B86D81C97D",
            "data": [
                {
                    "text": "你住哪"
                }
            ],
            "is_template": 0,
            "priority": 3
        }
    ]
}