{
    "id": "7489F649-4BF2-911F-758F-8F6E44403A8B",
    "name": "询问年龄",
    "contexts_in": [],
    "contexts_out": [
        {
            "name": "hello",
            "lifespan": "5"
        }
    ],
    "contexts_out_status": 1,
    "action": "",
    "priority": 500000,
    "webhook_used": 1,
    "auto": 0,
    "created_at": "1472633730",
    "parameter": [
        {
            "id": "EDF8F131-E8E8-969D-DA56-81B4BFD722A7",
            "entity_id": "55725DD8-75FA-554B-551D-82D4CC61BA2C",
            "data_type": "55725DD8-75FA-554B-551D-82D4CC61BA2C",
            "name": "xingming",
            "value": "${xingming}",
            "default_value": "",
            "action": "",
            "prompts": [],
            "required": 0,
            "priority": 0
        }
    ],
    "responses": [
        {
            "id": "2E467A38-CF94-BCC1-B5ED-D6E78CE84E31",
            "reset_contexts": 0,
            "speech": [
                "AI一号的年龄保密哦。我会推荐Asics（亚瑟士）跑步鞋哦，要不要试试？",
                "我的年龄保密哦。我会推荐Asics（亚瑟士）跑步鞋哦，要不要试试？"
            ]
        }
    ],
    "user_say": [
        {
            "id": "33567C36-7F2D-3B29-611F-D24BC074FF49",
            "data": [
                {
                    "text": "今年几岁了"
                }
            ],
            "is_template": 0,
            "priority": 4
        },
        {
            "id": "3A96DE08-63D9-6AE4-BDD8-8887EC7FA76E",
            "data": [
                {
                    "text": "你贵庚"
                }
            ],
            "is_template": 0,
            "priority": 3
        },
        {
            "id": "3C2CB539-C0A3-E2E8-1818-199FEBD53F45",
            "data": [
                {
                    "text": "你多大了"
                }
            ],
            "is_template": 0,
            "priority": 1
        },
        {
            "id": "5A912CF8-BDD2-9E51-8CC3-6F0C29862453",
            "data": [
                {
                    "text": "AI一号",
                    "alias": "55725DD8-75FA-554B-551D-82D4CC61BA2C",
                    "meta": "xingming",
                    "userDefined": "true"
                },
                {
                    "text": "什么时候出生的？"
                }
            ],
            "is_template": 0,
            "priority": 6
        },
        {
            "id": "738961F6-4C87-63E7-464D-1E66FA0DBFA9",
            "data": [
                {
                    "text": "多少岁"
                }
            ],
            "is_template": 0,
            "priority": 2
        },
        {
            "id": "876B83EC-0A0E-5474-35DD-659E98E1592D",
            "data": [
                {
                    "text": "哪年出生的？"
                }
            ],
            "is_template": 0,
            "priority": 5
        }
    ]
}