{
    "id": "1EFCA432-657C-5816-3B8A-E378B1290C1C",
    "name": "询问性别",
    "contexts_in": [],
    "contexts_out": [
        {
            "name": "hello",
            "lifespan": "5"
        }
    ],
    "contexts_out_status": 1,
    "action": "",
    "priority": 500000,
    "webhook_used": 1,
    "auto": 0,
    "created_at": "1472633831",
    "parameter": [
        {
            "id": "3E174B02-E43F-9329-53E0-665766C09954",
            "entity_id": "D6B45D45-7088-2AEA-C8D9-DFD27FF5893A",
            "data_type": "D6B45D45-7088-2AEA-C8D9-DFD27FF5893A",
            "name": "xingbie1",
            "value": "${xingbie1}",
            "default_value": "",
            "action": "",
            "prompts": [],
            "required": 0,
            "priority": 1
        },
        {
            "id": "665D69AF-C013-0B88-6597-04D0059C9004",
            "entity_id": "D6B45D45-7088-2AEA-C8D9-DFD27FF5893A",
            "data_type": "D6B45D45-7088-2AEA-C8D9-DFD27FF5893A",
            "name": "xingbie",
            "value": "${xingbie}",
            "default_value": "",
            "action": "",
            "prompts": [],
            "required": 0,
            "priority": 0
        }
    ],
    "responses": [
        {
            "id": "142CC784-802D-1EC8-9555-CF33B2BC8102",
            "reset_contexts": 0,
            "speech": [
                "AI一号是女生哦。我会推荐Asics（亚瑟士）跑步鞋哦，要不要试试？",
                "不是女汉子的女生。我会推荐Asics（亚瑟士）跑步鞋哦，要不要试试？",
                "小女子一枚。我会推荐Asics（亚瑟士）跑步鞋哦，要不要试试？"
            ]
        }
    ],
    "user_say": [
        {
            "id": "02AE4384-C251-0E7A-177D-082D8FAFC275",
            "data": [
                {
                    "text": "女孩",
                    "alias": "D6B45D45-7088-2AEA-C8D9-DFD27FF5893A",
                    "meta": "xingbie",
                    "userDefined": "true"
                },
                {
                    "text": "？"
                }
            ],
            "is_template": 0,
            "priority": 3
        },
        {
            "id": "5F3295AA-0AA9-FDFA-08C1-6886D066008B",
            "data": [
                {
                    "text": "你是"
                },
                {
                    "text": "男孩",
                    "alias": "D6B45D45-7088-2AEA-C8D9-DFD27FF5893A",
                    "meta": "xingbie",
                    "userDefined": "true"
                },
                {
                    "text": "么"
                }
            ],
            "is_template": 0,
            "priority": 2
        },
        {
            "id": "6CE096C1-962E-8A45-4577-7B1349FB18CC",
            "data": [
                {
                    "text": "你是"
                },
                {
                    "text": "男",
                    "alias": "D6B45D45-7088-2AEA-C8D9-DFD27FF5893A",
                    "meta": "xingbie",
                    "userDefined": "true"
                },
                {
                    "text": "的还是"
                },
                {
                    "text": "女",
                    "alias": "D6B45D45-7088-2AEA-C8D9-DFD27FF5893A",
                    "meta": "xingbie1",
                    "userDefined": "true"
                },
                {
                    "text": "的"
                }
            ],
            "is_template": 0,
            "priority": 1
        },
        {
            "id": "83AEEBA4-E1E5-7F1D-30FB-ECF12D530F5C",
            "data": [
                {
                    "text": "男",
                    "alias": "D6B45D45-7088-2AEA-C8D9-DFD27FF5893A",
                    "meta": "xingbie",
                    "userDefined": "true"
                },
                {
                    "text": "的？"
                },
                {
                    "text": "女",
                    "alias": "D6B45D45-7088-2AEA-C8D9-DFD27FF5893A",
                    "meta": "xingbie1",
                    "userDefined": "true"
                },
                {
                    "text": "的？"
                }
            ],
            "is_template": 0,
            "priority": 5
        },
        {
            "id": "D5206E65-7C53-099E-C159-698783E661C7",
            "data": [
                {
                    "text": "男生",
                    "alias": "D6B45D45-7088-2AEA-C8D9-DFD27FF5893A",
                    "meta": "xingbie",
                    "userDefined": "true"
                },
                {
                    "text": "还是"
                },
                {
                    "text": "女生",
                    "alias": "D6B45D45-7088-2AEA-C8D9-DFD27FF5893A",
                    "meta": "xingbie1",
                    "userDefined": "true"
                }
            ],
            "is_template": 0,
            "priority": 4
        }
    ]
}