{
    "id": "D30DA790-47DA-D6A3-C8AC-5E1DF3EB6E2A",
    "name": "邮费咨询",
    "contexts_in": [],
    "contexts_out": [],
    "contexts_out_status": 1,
    "action": "check_mail_price",
    "priority": 500000,
    "webhook_used": 1,
    "auto": 0,
    "created_at": "1470992490",
    "parameter": [
        {
            "id": "F5ED796D-2F33-7297-42C3-654FDF03F3AB",
            "entity_id": "",
            "data_type": "yige.address",
            "name": "address",
            "value": "${address}",
            "default_value": "",
            "action": "",
            "prompts": [
                "请问寄到哪？"
            ],
            "required": 0,
            "priority": 0
        }
    ],
    "responses": [
        {
            "id": "00604352-45FD-91B7-0F8E-D5F337DCFF28",
            "reset_contexts": 0,
            "speech": [
                "目前京东旗舰店是免费包邮哦。"
            ]
        }
    ],
    "user_say": [
        {
            "id": "5320BDC8-74EB-F3E8-3F11-75153AC39E4A",
            "data": [
                {
                    "text": "寄到"
                },
                {
                    "text": "北京",
                    "alias": "yige.address",
                    "meta": "address",
                    "userDefined": "true"
                },
                {
                    "text": "多少邮费"
                }
            ],
            "is_template": 0,
            "priority": 1
        },
        {
            "id": "E00D6720-DE9A-D940-175C-9E42FE8AC468",
            "data": [
                {
                    "text": "邮费怎么算"
                }
            ],
            "is_template": 0,
            "priority": 2
        }
    ]
}